,unique,name,transportation,aid,population,education,graduation,reduced_lunch,homeless,multilingual,tax,budget_cuts ,gender,percent_of _low_income_students,funding,salary
Atlantic,10,Absecon City,"415,922","6,857,377",927,"1,045,702",63,81,31,74,1,0,0,49,1,1
Atlantic,110,Atlantic City,"1,390,702","115,175,426",6262,"5,620,334",79.8,399,114,1166,1,0,0,87,0,1
Atlantic,120,Atlantic Co Vocational,0,"22,007,496",1805,"2,091,403",97.7,19,6,1,0,0,1,55,0,0
Atlantic,570,Brigantine City,"496,944","845,078",383,"51,635",72.6,236,14,0,1,1,0,31,1,1
Atlantic,590,Buena Regional,"914,277","17,606,675",1613,"1,610,946",88.2,25,7,13,0,0,1,55,0,1
Atlantic,960,Corbin City,"71,890","492,838",,"56,035",90,194,40,78,0,1,0,32,1,0
Atlantic,1300,Egg Harbor City,"123,396","8,727,784",568,"614,703",87.6,39,6,33,1,0,1,68,0,0
Atlantic,1310,Egg Harbor Twp,"3,273,116","81,291,694",7439,"7,690,041",93.7,746,55,222,1,0,1,46,0,0
Atlantic,1410,Estell Manor City,0,"1,784,477",184,"167,247",50.6,3,0,0,0,1,0,16,0,1
Atlantic,1540,Folsom Boro,"181,520","5,855,831",375,"423,456",88.4,30,2,4,0,0,1,22,0,0
Atlantic,1690,Galloway Twp,"1,088,704","27,662,176",3087,"3,138,580",92.7,312,48,114,1,1,1,45,0,0
Atlantic,1790,Greater Egg Harbor Reg,"2,009,055","37,748,590",3009,"3,405,595",87,360,40,84,1,0,1,50,0,1
Atlantic,1940,Hamilton Twp,"2,405,901","29,315,327",2859,"2,911,007",93,236,41,113,0,1,1,49,0,0
Atlantic,1960,Hammonton Town,"757,886","31,156,914",3269,"2,297,445",61,284,17,301,1,0,0,37,0,1
Atlantic,2680,Linwood City,"111,744","1,183,202",787,"630,444",76.4,15,3,10,0,0,1,10,1,1
Atlantic,2780,Longport,"20,694","89,385",,"53,157",90.6,36,14,24,1,0,1,19,0,1
Atlantic,2910,Mainland Regional,"301,868","8,185,924",1170,"935,206",91,1,0,4,1,0,,,,
Atlantic,3020,Margate City,"136,684","504,806",317,"304,414",82.9,35,2,4,1,0,1,5,1,1
Atlantic,3480,Mullica Twp,"236,446","4,677,876",621,"442,376",88.4,44,5,22,1,1,0,43,0,0
Atlantic,3720,Northfield City,"59,085","5,485,418",941,"843,547",54.5,218,54,775,1,0,0,23,0,1
Atlantic,4180,Pleasantville City,"699,058","78,544,456",3694,"2,182,722",72,0,0,0,0,1,1,75,0,1
Atlantic,4240,Port Republic City,"47,977","962,590",111,"85,872",55.4,55,13,75,0,1,1,3,0,1
Atlantic,4800,Somers Point City,"142,184","3,301,645",754,"568,696",92.6,20,0,16,0,0,1,58,0,0
Atlantic,5350,Ventnor City,"417,427","1,159,698",479,"285,643",65,15,1,0,0,0,1,51,1,1
Atlantic,5760,Weymouth Twp,"170,118","651,399",178,"172,489",89,0,0,9,1,1,1,43,0,0
Bergen,40,Allendale Boro,"26,960","1,031,561",897,"1,047,691",51.7,0,0,6,1,1,1,2,1,1
Bergen,80,Alpine Boro,"74,112","287,364",163,"217,354",93,9,4,10,0,1,0,2,1,1
Bergen,290,Bergen County Vocational,0,"5,695,547",2790,"1,938,101",99,80.5,3,0.5,0,1,0,10,1,1
Bergen,300,Bergenfield Boro,"851,701","20,427,188",3698,"4,256,702",93,418,26,261,0,1,1,34,1,0
Bergen,440,Bogota Boro,"203,338","13,764,050",1337,"1,560,546",97.4,207,3,75,0,1,1,46,0,1
Bergen,740,Carlstadt Boro,"45,263","696,616",510,"586,121",90.4,39,1,76,0,1,1,32,1,1
Bergen,745,Carlstadt-East Rutherford,"101,164","811,994",816,"615,427",94.2,55.5,4,45,1,1,0,21,1,1
Bergen,890,Cliffside Park Boro,"449,096","8,621,511",3089,"2,886,645",86.2,293,23,521,0,1,1,49,1,1
Bergen,930,Closter Boro,"93,632","1,462,558",1190,"1,399,363",93,0,0,101,0,1,1,1,1,1
Bergen,990,Cresskill Boro,"90,008","1,977,748",1710,"1,926,872",96.7,11,0,146,1,1,1,1,1,1
Bergen,1070,Demarest Boro,"49,777","849,087",767,"842,549",99,1,0,35,0,1,1,1,1,0
Bergen,1130,Dumont Boro,"246,823","12,823,681",2523.5,"3,025,848",97,64,4,79,0,1,1,8,1,1
Bergen,1230,East Rutherford Boro,"133,577","989,423",761,"849,875",80.6,93,3,61,1,1,0,37,1,1
Bergen,1270,Edgewater Boro,"786,750","2,101,604",676,"1,333,425",93,22,1,103,0,1,1,12,1,0
Bergen,1345,Elmwood Park,"646,983","19,973,598",2579,"3,084,460",89.4,188.5,69,181,0,1,1,33,1,0
Bergen,1360,Emerson Boro,"202,681","1,333,121",1060,"1,238,180",96.2,11,4,13,0,1,1,7,1,1
Bergen,1370,Englewood City,"830,412","9,746,785",5496.5,"3,302,914",89,0,0,28,1,1,1,66,1,0
Bergen,1380,Englewood Cliffs Boro,"191,272","638,509",422,"476,223",87.9,299.5,33,563.5,1,1,1,2,1,0
Bergen,1450,Fair Lawn Boro,"1,286,009","20,615,966",5496.5,"6,571,879",97.5,202,58,237,0,1,1,15,0,1
Bergen,1470,Fairview Boro,"216,826","30,681,674",1552,"2,461,707",96.6,134,61,369,1,1,0,31,1,0
Bergen,1550,Fort Lee Boro,"685,744","5,404,664",4037,"4,659,660",91.7,127,16,478,0,1,1,13,1,0
Bergen,1580,Franklin Lakes Boro,"396,954","1,647,467",1201,"1,377,384",82.5,15,0,14,1,1,1,3,1,1
Bergen,1700,Garfield City,"805,999","67,111,896",4788,"5,802,595",97.2,413.5,35,459,0,1,1,31,0,0
Bergen,1760,Glen Rock Boro,"131,824","3,127,668",2577,"3,040,501",88.5,1,2,31,1,1,1,1,1,1
Bergen,1860,Hackensack City,"809,443","36,631,374",5164.5,"6,029,717",97.3,498.5,100,899,0,1,1,54,1,1
Bergen,2050,Harrington Park Boro,"75,414","766,385",628,"754,630",98.2,0,0,13,`,1,1,0,1,1
Bergen,2080,Hasbrouck Heights Boro,"143,130","3,381,393",1661,"1,615,010",95,72,3,34,0,0,1,15,1,1
Bergen,2090,Haworth Boro,"30,722","524,692",454,"549,488",83,0,0,14,1,1,0,1,1,1
Bergen,2180,Hillsdale Boro,"126,575","1,377,792",1131,"1,311,445",79.9,16,0,24,0,1,1,59,0,0
Bergen,2200,Ho Ho Kus Boro,"271,882","1,135,458",553,"937,793",98.1,0,0,2,0,1,1,1,1,1
Bergen,2620,Leonia Boro,0,"5,795,883",2054,"1,135,048",95.3,99,4,103,0,1,1,15,1,0
Bergen,2710,Little Ferry Boro,"299,736","4,658,729",852,"1,224,770",93,54,2,50,0,0,1,32,1,1
Bergen,2740,Lodi Borough,"876,902","35,805,929",3064,"3,883,050",94.6,536,14,326,0,1,1,52,0,0
Bergen,2860,Lyndhurst Twp,"239,630","5,350,576",2615.5,"3,007,849",96.4,226.5,10,114,0,1,1,24,1,1
Bergen,2900,Mahwah Twp,"1,281,333","4,286,101",2758,"3,165,052",97.1,58,3,70,1,1,0,9,1,1
Bergen,3060,Maywood Boro,"524,576","1,975,505",1002,"1,589,852",93,40,0,45,0,1,1,11,1,1
Bergen,3170,Midland Park Boro,"107,033","1,140,627",867.5,"1,033,038",92.2,17,0,17,0,1,1,6,0,1
Bergen,3330,Montvale Boro,"314,611","1,319,005",975,"1,135,609",96,2,0,42,0,1,1,3,1,0
Bergen,3350,Moonachie Boro,"124,547","740,771",360,"505,529",93,60,4,20,0,1,1,53,1,1
Bergen,3550,New Milford Boro,"430,582","4,076,227",2036,"1,294,330",98,116,2,54,1,1,1,15,1,0
Bergen,3600,North Arlington Boro,"280,147","8,856,284",2099,"2,410,421",93,156,6,142,0,0,1,27,1,0
Bergen,3700,Northern Highlands Reg,"471,462","1,466,001",1261,"1,011,058",99.4,0,0,4,0,1,0,1,1,1
Bergen,3710,Northern Valley Regional,"522,492","2,727,034",2294.5,"2,454,380",98.1,9,0,25,0,1,1,1,1,1
Bergen,3730,Northvale Boro,"75,310","743,794",535,"637,406",81,0,0,18,1,1,1,1,1,1
Bergen,3740,Norwood Boro,"93,213","789,910",580,"696,018",82.4,5,0,24,0,1,1,2,1,0
Bergen,3760,Oakland Boro,"289,241","1,757,246",1320,"1,545,893",51.7,15,0,36,0,1,1,6,1,1
Bergen,3850,Old Tappan Boro,"77,746","901,598",758,"930,467",98,0,0,42,0,1,1,1,1,0
Bergen,3870,Oradell Boro,"30,856","956,688",773,"930,467",97,0,0,44,1,1,1,0,1,1
Bergen,3910,Palisades Park,"101,852","2,624,903",1778,"1,908,817",77.3,149,0,466,0,1,1,51,1,0
Bergen,3930,Paramus Boro,"1,179,183","5,118,844",3557,"4,051,559",95,113,1,126,0,1,1,11,1,1
Bergen,3940,Park Ridge Boro,"123,220","1,457,270",1174,"1,370,057",94,16,0,21,0,1,0,4,1,1
Bergen,3960,Pascack Valley Regional,"600,760","2,548,655",1714.5,"1,948,851",96.2,13,1,7,0,1,1,2,1,1
Bergen,4300,Ramapo-Indian Hill Reg,"911,610","3,189,222",1880.5,"2,171,675",97.8,10,0,24,0,1,1,2,1,1
Bergen,4310,Ramsey Boro,"309,420","2,983,078",2387.5,"2,600,911",95.4,29,6,56,0,1,1,7,1,1
Bergen,4370,Ridgefield Boro,0,"4,923,411",1593,"1,433,605",92.9,277,13,171,0,1,1,35,1,1
Bergen,4380,Ridgefield Park Twp,"360,140","15,437,083",2092.5,"2,029,443",92.5,130,1,125,1,0,1,40,1,1
Bergen,4390,Ridgewood Village,"620,535","6,774,640",1593,"6,221,390",96.5,41,0,110,1,1,1,2,1,1
Bergen,4405,River Dell Regional,"199,120","2,633,055",5487,"1,522,898",97.5,7,0,21,0,1,0,2,1,1
Bergen,4410,River Edge Boro,"19,622","3,777,747",1559.5,"1,173,623",72.8,3,0,95,1,0,1,1,1,0
Bergen,4430,River Vale Twp,"172,772","1,279,020",1212,"1,128,282",51.7,0,0,8,0,0,1,1,1,1
Bergen,4470,Rochelle Park Twp,"162,724","931,286",987,"699,371",82.6,37,2,14,0,1,1,26,1,1
Bergen,4500,Rockleigh,"28,708","45,517",471,"10,381",87.4,23,5,68,0,1,,,,
Bergen,4600,Rutherford Boro,"209,359","3,148,063",2486.5,"2,212,423",96.9,72.5,6,72,0,0,1,4,1,1
Bergen,4610,Saddle Brook Twp,"271,173","2,381,110",1810.5,"2,153,994",94.6,0,0,0,1,1,0,14,1,0
Bergen,4620,Saddle River Boro,"202,394","524,389",115,"319,977",86,8,2,9,1,1,1,3,1,1
Bergen,4870,South Hackensack Twp,"47,149","499,267",249,"360,774",86.2,18,2,53,1,1,1,30,1,1
Bergen,5150,Teaneck Twp,"2,665,270","7,657,877",3700.5,"4,542,436",93.2,455.5,50,141,0,1,1,34,1,1
Bergen,5160,Tenafly Boro,"427,118","4,327,847",3421.5,"3,905,029",98.4,22,0,224,1,1,0,3,1,1
Bergen,5330,Upper Saddle River Boro,"180,950","1,360,208",1094,"1,223,527",81,0,2,21,0,1,0,1,1,1
Bergen,5410,Waldwick Boro,"199,527","2,425,057",1584.5,"1,350,999",91.2,5,3,38,0,1,1,1,1,0
Bergen,5430,Wallington Boro,"167,987","7,556,726",1176,"1,472,628",94.9,110,5,130,1,0,1,33,1,0
Bergen,5755,Westwood Regional,"432,010","3,608,050",2781.5,"3,245,643",94.7,63.5,5,71,1,1,0,10,1,0
Bergen,5830,Wood-Ridge Boro,"118,852","1,499,521",1227,"1,362,731",90.7,36,0,55,1,1,1,12,1,0
Bergen,5880,Woodcliff Lake Boro,"71,076","897,254",773,"901,161",93,0,0,6,0,1,0,1,1,0
Bergen,5920,Wyckoff Twp,"302,334","2,601,035",2016,"2,410,421",81.9,0,0,23,0,1,1,1,1,0
Burlington,200,Bass River Twp,"102,864","624,562",,"88,200",86,36,0,37,0,1,0,30,0,0
Burlington,380,Beverly City,"193,173","6,380,701",334,"182,606",94.1,79,12,41,1,0,1,50,0,0
Burlington,475,Bordentown Regional,"729,374","9,828,082",2209,"1,470,071",95,231,86,101,0,1,1,16,1,0
Burlington,600,Burlington City,"205,655","22,124,573",1821,"935,688",80.3,181,3,25,1,0,1,55,0,1
Burlington,610,Burlington Co Vocational,0,"17,162,374",2069,"2,347,381",96.9,26,9,1,0,1,1,16,0,1
Burlington,620,Burlington Twp,"2,029,241","26,963,177",3623,"3,912,302",93.3,260,53,101,0,1,1,30,0,1
Burlington,830,Chesterfield Twp,"143,738","3,517,260",692,"654,710",70.2,2,0,20,0,1,0,3,1,0
Burlington,840,Cinnaminson Twp,"749,371","19,342,148",2900,"3,359,555",92.4,118,14,122,1,1,1,14,1,1
Burlington,1030,Delanco Twp,"48,300","2,716,007",360,"424,961",63.8,44,1,10,1,0,1,33,0,1
Burlington,1060,Delran Twp,"807,641","26,723,560",2852,"3,237,519",94.5,173,13,306,0,1,1,24,0,0
Burlington,1250,Eastampton Twp,0,"4,128,481",592,"603,831",96.9,32,1,3,1,0,0,23,0,0
Burlington,1280,Edgewater Park Twp,"470,640","14,156,311",1008,"1,335,208",92.9,102,13,240,1,1,1,51,0,1
Burlington,1420,Evesham Twp,"546,377","6,773,130",4467,"3,024,808",70.5,70,3,85,0,1,1,9,1,1
Burlington,1520,Florence Twp,"485,346","12,042,231",1445,"1,808,991",92.4,120,17,59,0,1,1,33,0,1
Burlington,1910,Hainesport Twp,"137,699","733,146",532,"489,983",74.4,7,6,5,0,0,1,10,1,0
Burlington,2610,Lenape Regional,"874,930","23,623,885",6485,"4,238,655",95.9,229,11,46,0,1,1,11,1,1
Burlington,2850,Lumberton Twp,"73,845","4,721,940",1170,"906,745",94.1,75,16,45,1,1,1,27,0,0
Burlington,2960,Mansfield Twp,"291,577","864,028",549,"610,176",81.9,11,5,12,1,0,1,34,0,1
Burlington,3010,Maple Shade Twp,"613,516","24,188,902",2412,"2,648,880",88.6,228,64,201,0,0,1,42,0,0
Burlington,3070,Medford Lakes Boro,"26,367","1,233,813",487,"518,787",85,0,0,0,1,1,1,3,1,1
Burlington,3080,Medford Twp,"240,580","4,252,865",2727,"2,275,376",77.8,39,0,55,1,1,0,5,1,1
Burlington,3360,Moorestown Twp,"1,606,994","5,412,056",3892,"4,242,514",96.9,98,12,61,0,1,1,10,1,1
Burlington,3430,Mount Holly Twp,"127,355","14,033,569",1127,"755,237",93.1,115,33,32,1,1,1,57,0,1
Burlington,3440,Mount Laurel Twp,"2,508,070","7,364,000",4309,"4,651,691",77,125,30,91,0,1,1,12,1,0
Burlington,3540,New Hanover Twp,"161,552","2,228,821",186,"234,165",94.1,5,4,19,1,1,0,48,0,0
Burlington,3650,North Hanover Twp,"488,491","17,829,739",1422,"1,109,864",56,207,3,39,1,1,0,31,0,0
Burlington,3690,Northern Burlington Reg,"1,348,325","23,463,469",2101,"2,426,345",97.2,104,3,31,0,1,1,13,0,0
Burlington,3920,Palmyra Boro,"97,770","7,098,442",1039,"923,227",92.8,61,17,39,1,1,1,21,0,0
Burlington,4050,Pemberton Twp,"2,481,707","67,989,696",4331,"3,385,257",94.8,742,84,118,1,1,1,56,0,1
Burlington,4320,Rancocas Valley Regional,"1,109,889","17,344,064",2005,"1,671,547",93.9,142,21,25,0,1,1,24,0,0
Burlington,4450,Riverside Twp,"187,558","21,469,309",1536,"1,665,420",85.4,196,59,407,1,1,1,52,0,0
Burlington,4460,Riverton,"19,613","548,200",261,"204,103",79.1,11,0,5,0,0,0,13,1,0
Burlington,4740,Shamong Twp,"191,437","2,829,452",663,"507,214",86.7,9,0,14,0,1,1,9,0,0
Burlington,4930,Southampton Twp,"420,886","1,282,876",683,"505,731",94.1,26,2,11,1,0,1,14,1,0
Burlington,5010,Springfield Twp,"139,769","793,414",288,"242,749",97.1,1,0,2,1,0,1,13,0,0
Burlington,5130,Tabernacle Twp,"344,597","2,641,666",688,"543,635",93,11,0,8,0,1,1,9,0,1
Burlington,5490,Washington Twp,"83,884","147,522",908,"42,496",93,63,6,23,0,1,1,18,1,1
Burlington,5720,Westampton,"408,807","5,072,008",3693,"885,755",62,335,86,151,1,0,1,20,0,0
Burlington,5805,Willingboro Twp,"1,533,525","51,559,840",103,"4,465,049",77.6,1,0,0,1,0,1,6,0,0
Burlington,5890,Woodland Twp,"63,364","534,022",1354,"100,588",41.1,74,8,16,0,0,1,8,1,1
Camden,150,Audubon Boro,"73,419","9,951,424",532,"1,173,689",80.5,45,0,15,1,1,1,21,0,0
Camden,190,Barrington Boro,"75,087","4,556,834",1170,"570,917",65.5,90,7,51,0,0,1,26,0,0
Camden,260,Bellmawr Boro,"169,353","10,458,789",840,"1,188,955",87.8,18,2,13,1,0,1,39,0,0
Camden,330,Berlin Boro,"308,976","6,217,587",612,"968,251",56.4,20,5,24,1,0,1,11,0,0
Camden,340,Berlin Twp,"270,602","6,234,605",3426,"925,534",52.9,202,36,74,1,1,1,34,0,1
Camden,390,Black Horse Pike Regional,"973,979","41,165,949",263,"3,958,437",93,25,8,8,1,1,1,27,0,0
Camden,580,Brooklawn Boro,"17,795","5,421,733",6956,"366,801",90,0,190,859,1,1,1,64,0,0
Camden,680,Camden City,"4,491,244","333,950,970",2189,"9,745,700",64.7,225,8,2,0,1,1,57,0,0
Camden,700,Camden County Vocational,0,"31,321,244",2189,"2,491,822",96.7,40,47,58,0,1,1,36,0,1
Camden,800,Cherry Hill Twp,"2,884,053","36,377,427",10651,"10,147,314",94.1,396,40,409,0,1,1,18,1,1
Camden,810,Chesilhurst,"170,166","1,552,558",,"122,045",91,57,11,52,0,1,,,,
Camden,880,Clementon Boro,"220,959","11,060,703",605,"861,459",88.3,85,29,38,1,0,1,62,0,1
Camden,940,Collingswood Boro,"176,430","11,066,557",2255,"1,012,100",86.7,39,2,23,1,1,1,28,0,1
Camden,1255,Eastern Camden County Reg,"569,092","10,704,565",1898,"2,092,660",94.5,1,1,0,0,1,0,11,0,1
Camden,1720,Gibbsboro Boro,"20,818","2,240,277",280,"163,500",37,199,53,77,0,0,1,21,0,0
Camden,1770,Gloucester City,"233,679","36,762,342",2390,"1,108,064",87.2,421,43,166,0,0,1,63,0,1
Camden,1780,Gloucester Twp,"2,886,319","64,825,488",6516,"7,190,687",82,33,9,10,0,0,1,41,1,0
Camden,1880,Haddon Heights Boro,"118,664","2,282,914",1450,"659,445",94.3,54,8,26,0,1,0,11,1,1
Camden,1890,Haddon Twp,"3,722","9,962,936",2072,"2,200,321",91.7,4,5,7,1,1,0,14,0,0
Camden,1900,Haddonfield,"183,654","3,024,370",2756,"2,990,187",96.8,140,242,169,0,1,0,2,1,1
Camden,2130,Hi Nella,"37,318","1,415,364",,"118,833",92.4,6,5,3,0,0,,,,
Camden,2540,Laurel Springs Boro,"46,209","3,436,820",189,"370,214",80,28,0,0,1,1,1,26,0,1
Camden,2560,Lawnside Boro,"101,997","6,050,714",342,"512,603",91.8,225,175,882,0,1,0,39,0,1
Camden,2670,Lindenwold Boro,"1,000,555","59,524,585",3098,"3,467,193",69.7,24,5,8,0,1,1,81,0,0
Camden,2890,Magnolia Boro,"25,431","3,544,423",399,"434,289",96.6,209,13,790,1,1,1,40,0,0
Camden,3110,Merchantville Boro,"111,609","5,332,606",396,"605,157",54,20,0,35,0,1,0,31,0,0
Camden,3420,Mount Ephraim Boro,"45,548","4,553,404",430,"590,918",53.5,40,1,13,0,1,,,,
Camden,3770,Oaklyn Boro,"16,236","3,571,294",270,"408,050",89.3,14,1,5,0,1,1,30,0,1
Camden,4060,Pennsauken Twp,"2,592,070","77,448,446",4837,"6,137,002",84.5,342,32,416,1,1,1,40,0,0
Camden,4110,Pine Hill Boro,"588,996","24,075,521",1973,"1,703,900",89.6,214,11,91,1,0,1,58,0,1
Camden,4590,Runnemede Boro,"166,787","7,195,392",830,"802,585",82,61,4,17,0,1,1,33,0,0
Camden,4790,Somerdale Boro,"31,147","4,455,152",444,"491,245",32,38,8,5,1,1,1,31,0,0
Camden,5035,Sterling High School Dist,"99,272","10,788,446",881,"875,697",94.6,54,6,21,0,1,1,33,1,1
Camden,5080,Stratford Boro,"202,610","8,225,547",887,"480,205",92,49,6,77,1,1,0,30,0,1
Camden,5400,Voorhees Twp,"602,456","6,081,445",3081,"2,481,453",95,91,8,111,0,1,1,14,1,1
Camden,5560,Waterford Twp,"1,164,511","13,130,858",926,"1,665,961",52.5,41,2,5,1,1,0,21,0,0
Camden,5820,Winslow Twp,"4,039,770","47,700,875",4869,"5,261,304",80.2,292,30,141,0,0,1,45,0,0
Camden,5900,Woodlynne Boro,"54,174","11,645,502",418,"690,591",89.3,37,3,95,`,1,1,82,0,0
Cape May,170,Avalon Boro,"28,649","67,254",92,"35,361",42.3,0,0,0,0,1,1,4,1,1
Cape May,710,Cape May City,"5,993","1,626,192",158,"86,881",40.7,1,0,0,1,1,1,42,0,0
Cape May,720,Cape May Co Vocational,0,"1,396,049",608.5,"548,208",97.6,13,8,2,0,1,0,30,0,0
Cape May,730,Cape May Point,759,"2,027",239.5,0,42.3,53,3.5,0.5,0,1,,,,
Cape May,1080,Dennis Twp,"653,808","1,574,187",639,"504,067",57,48,3,2,0,1,0,24,0,0
Cape May,2820,Lower Cape May Regional,"1,178,704","4,056,959",1126.5,"862,052",67,96,8,37,0,0,1,36,0,1
Cape May,2840,Lower Twp,"836,392","3,797,547",1430,"912,905",52,115,17,96,0,0,1,46,0,0
Cape May,3130,Middle Twp,"1,570,041","13,900,581",2550.5,"1,437,131",92.8,202,199.5,140.5,0,0,1,47,0,0
Cape May,3680,North Wildwood City,"49,582","296,902",165,"143,941",79,10,3,5,1,0,1,79,0,1
Cape May,3780,Ocean City,"252,189","4,529,395",1834,"1,175,389",95.7,40,11,51,0,0,0,18,1,1
Cape May,4700,Sea Isle City,"96,010","177,762",,"33,181",35.9,0,0,0,0,0,,,,
Cape May,5060,Stone Harbor Boro,"19,899","51,952",78,"27,770",89.5,28,5,23,0,1,0,3,1,1
Cape May,5340,Upper Twp,"1,445,583","4,652,149",1369,"1,280,868",98.8,0,1,13,0,0,1,11,1,0
Cape May,5610,West Cape May Boro,"12,628","654,254",82,"89,350",97,34,40,208,1,0,0,16,0,0
Cape May,5700,West Wildwood,"6,184","53,997",,"37,987",83.5,12,1,13,0,0,1,30,1,0
Cape May,5790,Wildwood City,"119,536","1,912,821",729,"542,470",79.2,16,1,18,0,1,1,79,0,1
Cape May,5800,Wildwood Crest Boro,"52,476","599,341",220,"177,729",97.6,29,4,9,0,0,1,30,1,0
Cape May,5840,Woodbine Boro,"164,200","3,473,745",257,"150,703",35.9,33,0,62,1,0,0,72,0,0
Cumberland,540,Bridgeton City,"1,218,523","126,520,588",6102,"6,224,274",81,32,1,83,0,1,1,0,0,0
Cumberland,950,Commercial Twp,"525,199","8,846,023",482,"632,153",43,17,12,17,0,1,1,65,0,0
Cumberland,995,Cumberland Co Vocational,0,"20,239,457",1194,"1,424,081",99.1,82,1,120,0,1,0,32,0,0
Cumberland,997,Cumberland Regional,"785,841","16,934,061",1178,"1,389,347",89.2,17,1,0,1,1,1,39,0,0
Cumberland,1020,Deerfield Twp,"117,514","2,914,889",316,"326,497",81.2,198,0,73,0,1,0,54,0,0
Cumberland,1120,Downe Twp,"143,341","1,378,831",175,"180,615",81.2,0,0,18,0,1,0,45,0,0
Cumberland,1460,Fairfield Twp,"163,986","5,269,552",516,"514,058",73.5,47,0,0,0,1,1,15,0,0
Cumberland,1820,Greenwich Twp,"30,102","576,814",79,"37,201",90.6,317,0,132,0,1,1,33,1,1
Cumberland,2270,Hopewell Twp,"197,184","3,863,980",522,"483,912",81.2,113,0,26,0,1,1,25,0,0
Cumberland,2570,Lawrence Twp,"324,216","6,533,635",490,"534,899",95,36,11,7,0,1,,,,
Cumberland,3050,Maurice River Twp,"345,391","5,811,675",374,"489,904",81.2,0,0,0,0,1,0,38,0,0
Cumberland,3230,Millville City,"1,606,779","71,997,937",5011,"2,788,642",82.7,112,165,217,1,1,0,71,0,0
Cumberland,5070,Stow Creek Twp,"102,421","455,065",136,"131,988",81.2,7,46,85,1,1,0,23,0,0
Cumberland,5300,Upper Deerfield Twp,"575,419","10,053,443",969,"993,383",53.4,123,0,113,0,1,0,54,0,0
Cumberland,5390,Vineland City,"4,794,073","141,016,908",10236,"5,294,946",84.3,92,0,41,1,1,1,0,0,0
Essex,250,Belleville Town,"625,449","54,384,062",5047,"5,723,423",92.8,13,0,5,0,1,1,51,0,1
Essex,410,Bloomfield Twp,"2,013,455","48,647,386",6367.5,"7,648,643",95.1,13,0,0,0,1,1,33,1,0
Essex,660,Caldwell-West Caldwell,"392,032","3,308,617",2525.5,"2,984,836",95,77,4,98,0,1,1,7,1,1
Essex,760,Cedar Grove Twp,"284,386","2,089,420",1539.5,"1,835,674",96.6,10,0,1,0,1,1,5,1,1
Essex,1210,East Orange,"1,172,856","175,087,372",9184.5,"7,715,286",87,34,0,0,1,1,1,56,0,1
Essex,1390,Essex Co Voc-Tech,0,"29,961,159",2074,"2,019,029",97.2,44,0,13,1,1,1,79,0,0
Essex,1400,Essex Fells Boro,"9,597","271,825",247,"268,635",86.9,2,0,0,1,1,1,1,1,0
Essex,1465,Fairfield Twp,"148,937","952,647",703,"820,830",73.5,90,0,114,0,0,1,15,0,0
Essex,1750,Glen Ridge Boro,"156,117","2,189,649",1788.5,"2,044,613",100,38,0,16,1,1,0,1,1,1
Essex,2330,Irvington Township,"1,164,430","138,417,244",7575,"6,835,301",79.6,130,1,159,0,1,1,44,0,1
Essex,2730,Livingston Twp,"1,403,282","8,787,890",6439,"7,775,498",97.9,46,0,7,0,1,1,2,1,1
Essex,3190,Millburn Twp,"1,009,647","6,444,266",4695,"5,589,106",99.4,242,11,17,1,1,1,1,1,1
Essex,3310,Montclair Town,"1,211,898","8,757,817",6100.5,"7,021,827",94.3,42,3,75,1,1,1,12,1,1
Essex,3570,Newark City,"8,523,133","1,149,975,941",42600,"66,136,508",85.7,8,0,14,1,1,1,74,0,1
Essex,3630,North Caldwell Boro,"200,165","964,947",678,"805,906",82.1,3,3,2,0,1,1,1,1,0
Essex,3750,Nutley Town,"631,352","9,419,915",4222,"4,902,593",94,4,0,11,0,1,0,12,1,1
Essex,3880,City Of Orange Twp,"1,391,457","110,474,193",5829.5,"6,678,571",90.2,30,5,16,0,1,1,71,0,0
Essex,4530,Roseland Boro,"170,148","704,010",441,"514,841",95,7,7,19,1,1,1,2,1,0
Essex,4900,South Orange-Maplewood,"1,635,743","9,294,342",6891,"7,865,043",91.5,96,0,109,0,1,1,12,1,0
Essex,5370,Verona Boro,"134,571","2,601,365",2163.5,"2,552,035",96.2,0,0,29,1,1,0,1,1,0
Essex,5630,West Essex Regional,"887,876","2,669,840",1674,"1,999,840",97.7,44,1,39,0,1,1,2,1,0
Essex,5680,West Orange Town,"3,033,009","34,288,620",6915,"6,078,649",88.4,13,0,18,0,1,1,40,1,1
Gloucester,860,Clayton Boro,"447,521","18,260,805",1477,"1,548,952",92.4,42,0,35,0,1,1,45,0,0
Gloucester,870,Clearview Regional,"440,789","12,316,180",2110,"1,418,100",97.8,76,0,92,1,1,0,12,0,0
Gloucester,1100,Deptford Twp,"1,775,095","30,146,522",4176,"4,533,691",85.5,25,0,0,1,1,0,30,0,0
Gloucester,1180,East Greenwich Twp,"593,363","7,464,867",1224,"1,331,006",66.4,3,1,0,0,0,1,6,1,1
Gloucester,1330,Elk Twp,"148,655","2,463,680",347,"287,900",93.6,91,21,201,1,1,1,30,0,0
Gloucester,1590,Franklin Twp,"836,192","8,391,093",,"795,294",76.2,37,2,10,1,0,1,18,1,0
Gloucester,1715,Gateway Regional,"531,485","10,762,475",875,"968,979",95.2,73,0,107,0,1,0,22,0,1
Gloucester,1730,Glassboro,"61,234","14,735,121",1916,"2,058,196",89.2,26,10,43,0,0,1,48,0,0
Gloucester,1775,Gloucester Co Vocational,0,"14,583,105",535,"1,831,866",98,69,0,59,0,0,0,10,1,0
Gloucester,1830,Greenwich Twp,"272,578","805,726",1641,"482,636",90.6,0,0,1,0,1,1,33,1,1
Gloucester,2070,Harrison Twp,"153,456","5,430,972",423,"800,303",72,18,0,0,1,1,1,11,0,0
Gloucester,2440,Kingsway Regional,"1,518,262","22,706,118",1366,"3,046,397",95.2,11,0,12,1,1,1,10,1,0
Gloucester,2750,Logan Twp,"314,926","1,764,097",2941.5,"793,756",93.6,796,97,183,0,1,0,19,0,0
Gloucester,2990,Mantua Twp,"92,254","5,032,560",820,"731,840",93.6,76,0,265,1,1,1,18,0,0
Gloucester,3280,Monroe Twp,"2,345,346","54,624,992",1248,"6,238,245",90.3,88,0,0,1,1,1,29,0,0
Gloucester,3490,National Park Boro,"19,060","3,096,968",5657,"268,768",92.3,185,1,213,0,1,0,44,0,0
Gloucester,3580,Newfield Boro,"132,194","2,302,636",287,"130,013",95,108,1,150,1,1,,,,
Gloucester,4020,Paulsboro Boro,"186,731","20,164,108",1271,"1,343,840",87.3,202,0,100,0,0,1,49,0,0
Gloucester,4140,Pitman Boro,"148,522","5,508,314",1128,"925,239",86.3,2,0,11,1,1,1,17,0,0
Gloucester,4880,South Harrison Twp,"140,825","1,257,088",348,"302,902",93.6,64,18,31,1,1,1,14,0,0
Gloucester,4940,Delsea Regional H.S Dist.,"668,879","15,118,221",1586.5,"1,625,743",91.4,69,0,39,0,0,1,19,0,1
Gloucester,5120,Swedesboro-Woolwich,"778,411","11,860,272",1561,"1,761,137",59,109,0,0,1,1,1,18,0,1
Gloucester,5500,Washington Twp,"2,909,313","42,120,028",7236.5,"7,152,534",93.4,13,0,0,1,0,1,4,1,1
Gloucester,5590,Wenonah Boro,0,"196,348",162,"134,037",98.6,4,0,12,0,1,0,3,1,0
Gloucester,5620,West Deptford Twp,"1,034,656","14,909,089",2799,"2,537,445",90.4,46,2,72,1,0,1,25,0,1
Gloucester,5740,Westville Boro,"44,717","4,224,331",362,"367,788",54.2,15,1,29,0,0,1,62,0,0
Gloucester,5860,Woodbury City,"235,458","24,017,685",1708,"1,838,938",90.8,15,0,0,0,1,1,61,0,1
Gloucester,5870,Woodbury Heights Boro,"19,053","1,468,892",256,"289,986",93.6,4,0,0,1,1,0,9,0,0
Hudson,220,Bayonne City,"569,721","109,015,269",10422.5,"11,623,441",87.3,110,5,6,1,1,1,57,0,1
Hudson,1200,East Newark Boro,"16,052","5,402,028",236,"429,660",68.7,16,0,35,0,0,1,82,0,0
Hudson,1850,Guttenberg Town,"70,964","15,185,872",972,"1,537,732",87.2,24,0,0,0,0,1,74,0,0
Hudson,2060,Harrison Town,"157,728","28,847,906",2477,"2,660,879",91.9,14,1,0,1,1,1,11,0,0
Hudson,2210,Hoboken City,"124,453","7,394,852",3501,"2,123,972",92.7,863,325,243,1,1,1,29,0,1
Hudson,2295,Hudson County Vocational,"818,768","22,673,936",2526.5,"2,462,876",98.5,10,0,9,0,1,0,43,0,0
Hudson,2390,Jersey City,"4,423,777","133,637,556",26023,"18,332,551",80.1,45,0,11,1,1,1,53,0,1
Hudson,2410,Kearny Town,"750,017","68,284,766",5381,"6,821,799",90.7,29,0,48,0,1,,,,
Hudson,3610,North Bergen Twp,"747,436","61,841,569",7114,"7,899,719",81.6,29,0,0,1,1,1,57,0,0
Hudson,4730,Secaucus Town,"728,799","3,142,250",2182,"2,540,272",95.5,43,0,68,1,1,1,26,1,1
Hudson,5240,Union City,"715,581","226,682,966",12665,"13,470,227",92.1,49,0,0,1,1,1,76,0,0
Hudson,5580,Weehawken Twp,"150,232","1,752,691",1308,"1,039,474",98,19,0,7,1,1,0,40,1,0
Hudson,5670,West New York Town,"1,222,014","126,700,785",7923,"8,540,440",82.7,8,1,20,1,1,1,77,0,1
Hunterdon,20,Alexandria Twp,"193,439","976,818",423,"468,512",95.8,39,1,11,0,1,1,4,1,1
Hunterdon,370,Bethlehem Twp,"113,737","706,210",362,"364,862",73.5,5,0,3,0,1,1,3,1,0
Hunterdon,430,Bloomsbury Boro,0,"969,043",98,"125,050",88.6,63,0,0,0,1,1,23,0,0
Hunterdon,670,Califon Boro,"13,884","113,620",84,"83,292",95.8,18,2,4,0,1,0,3,0,1
Hunterdon,910,Clinton Town,"101,114","981,728",462,"409,511",97,84,87,2289,1,1,1,7,1,0
Hunterdon,920,Clinton Twp,"856,058","2,270,220",1174,"1,324,985",95.8,43,0,0,1,1,1,7,1,0
Hunterdon,1040,Delaware Twp,"167,383","973,253",406,"360,951",78,63,5,0,0,1,1,7,1,1
Hunterdon,1050,Delaware Valley Regional,"17,291","1,434,280",665,"592,662",96.2,94,5,41,0,1,1,6,1,1
Hunterdon,1160,East Amwell Twp,"181,957","875,325",378,"373,946",95.8,31,8,16,0,0,0,11,1,1
Hunterdon,1376,South-Hunterdon,"414,679","2,929,849",774,"833,664",86.4,18,5,1,0,1,1,24,1,0
Hunterdon,1510,Flemington-Raritan Reg,"297,208","5,546,642",3160,"3,231,931",76.2,27,6,65,0,0,1,19,1,0
Hunterdon,1600,Franklin Twp,"140,804","549,627",271,"308,724",76.2,9,4,1,1,1,1,10,1,1
Hunterdon,1680,Frenchtown Boro,0,"295,215",101,"65,461",98.5,59,1,11,0,1,0,15,0,1
Hunterdon,1970,Hampton Boro,"69,644","931,138",111,"161,712",95.8,30,11,16,0,1,1,19,0,0
Hunterdon,2140,High Bridge Boro,"14,338","750,671",351,"275,401",95.8,17,1,0,1,1,1,14,0,1
Hunterdon,2220,Holland Twp,"36,300","1,014,252",512,"530,185",95.8,486,112,162,0,0,0,6,1,0
Hunterdon,2300,Hunterdon Central Reg,"326,420","4,617,137",2374,"1,858,075",94.3,8,1,0,0,1,1,14,1,1
Hunterdon,2308,Hunterdon Co Vocational,0,"933,283",578.5,"303,733",100,72,1,60,1,1,0,3,0,0
Hunterdon,2450,Kingwood Twp,"166,282","775,372",344,"332,287",95.8,805,179,1669,0,1,1,13,1,1
Hunterdon,2590,Lebanon Boro,"25,927","155,856",89,"110,746",65,598,9,599,0,0,0,13,1,0
Hunterdon,2600,Lebanon Twp,"320,578","1,367,148",558,"448,913",55.5,381,3,362,0,1,1,8,1,0
Hunterdon,3180,Milford Boro,"45,097","193,255",66,"88,207",74.8,37,0,84,1,1,1,13,1,0
Hunterdon,3660,N Hunt/Voorhees Regional,"267,039","3,614,102",1920,"1,755,029",97,18,0,35,1,0,1,3,1,0
Hunterdon,4350,Readington Twp,"994,744","2,409,287",1397,"1,609,773",95.4,413,43,652,0,1,1,10,1,0
Hunterdon,5180,Tewksbury Twp,"462,627","1,389,219",483,"551,292",79,297.5,3,159,1,0,1,2,0,1
Hunterdon,5270,Union Twp,"233,413","660,745",473,"536,591",22.3,0,0,0,0,1,1,2,1,0
Mercer,1245,East Windsor Regional,"2,095,914","48,573,275",5067,"4,919,011",92.1,1,3,2,1,0,1,37,1,1
Mercer,1430,Ewing Twp,"1,023,175","25,216,765",3500,"3,981,484",84.7,5,1,18,0,1,1,45,1,1
Mercer,1950,Hamilton Twp,"5,204,555","109,271,095",12098,"14,654,032",91.3,1,0,7,1,1,1,41,0,0
Mercer,2280,Hopewell Valley Regional,"1,865,797","5,887,975",3386.5,"3,919,016",97,424,21,2629,0,1,1,4,1,1
Mercer,2580,Lawrence Twp,"1,736,843","6,442,083",3675,"4,279,301",95.1,29,4,130,`,1,1,29,1,0
Mercer,3105,Mercer County Vocational,0,"5,709,048",583,"808,378",96.9,9,2,92,0,1,0,49,1,1
Mercer,4255,Princeton,"872,203","5,348,358",3767,"4,411,650",91.5,139.5,43,110,1,1,1,12,1,1
Mercer,5210,Trenton City,"4,524,728","336,330,541",14935,"13,190,389",61.3,3303,148,10250,0,1,1,52,0,1
Mercer,5510,Robbinsville Twp,"1,168,077","10,119,558",2968.5,"2,787,359",96.8,0,0,0,0,1,1,6,1,0
Mercer,5715,W Windsor-Plainsboro Reg,"4,376,339","14,493,990",8923.5,"10,315,909",97,87,1,136,0,1,1,6,1,0
Middlesex,750,Carteret Boro,"567,504","49,821,220",3942.5,"4,488,916",91.9,40,36,1358,0,1,,,,
Middlesex,970,Cranbury Twp,"286,778","1,038,913",438,"746,932",45.1,2,0,9,0,1,1,7,1,0
Middlesex,1140,Dunellen Boro,"76,133","15,939,663",1348,"1,589,062",92.5,150,18,114,0,1,1,41,0,1
Middlesex,1170,East Brunswick Twp,"1,555,315","39,826,250",8122,"9,239,567",96,0,1,14,1,1,1,21,1,1
Middlesex,1290,Edison Twp,"5,582,680","73,507,998",16811,"19,749,765",92.8,15,1,6,0,1,1,20,1,1
Middlesex,2150,Highland Park Boro,"240,771","6,416,165",1596,"1,695,651",92.2,512,18,431,0,1,1,40,1,0
Middlesex,2370,Jamesburg Boro,"95,407","10,893,725",696,"1,054,492",89.7,130,39,30,0,1,1,54,0,0
Middlesex,3120,Metuchen Boro,"373,002","2,880,618",2284,"2,599,617",97.8,49,3,5,0,1,1,6,1,1
Middlesex,3140,Middlesex Boro,"342,380","14,832,456",2067.5,"2,394,577",95.9,50,29,18,1,1,1,32,0,1
Middlesex,3150,Middlesex Co Vocational,0,"19,381,915",2129,"2,467,805",98.4,265,37,106,0,1,0,41,0,0
Middlesex,3220,Milltown Boro,"302,474","5,553,394",806,"1,384,021",89.7,16,0,3,0,1,0,15,1,0
Middlesex,3290,Monroe Twp,"3,999,704","11,170,497",6857.5,"7,593,810",94.2,11,15,6,0,0,1,8,1,1
Middlesex,3530,New Brunswick City,"2,227,265","185,885,120",9218,"10,581,539",73.9,72,13,2,1,1,1,75,0,1
Middlesex,3620,North Brunswick Twp,"3,334,413","46,649,823",5925,"7,000,658",94.8,97,18,131,0,0,1,36,1,0
Middlesex,3845,Old Bridge Twp,"1,049,333","26,870,989",7923,"5,572,334",93.9,23,9,4,0,1,1,21,0,1
Middlesex,4090,Perth Amboy City,"1,824,098","204,876,489",10229.5,"11,643,354",85.6,55.5,1,0,0,1,1,80,0,0
Middlesex,4130,Piscataway Twp,"3,834,125","21,836,042",7294.5,"7,923,339",94.9,25,3,0,1,1,1,34,1,1
Middlesex,4660,Sayreville Boro,"2,537,473","41,503,852",6385,"6,817,587",89.9,21,0,4,0,1,1,34,0,0
Middlesex,4830,South Amboy City,"270,897","8,374,855",1173.5,"1,354,730",94.9,117,11,36,0,1,1,43,0,1
Middlesex,4860,South Brunswick Twp,"2,155,118","15,684,951",7878,"5,479,892",95.8,48,2,6,0,1,1,12,1,0
Middlesex,4910,South Plainfield Boro,"305,134","16,357,405",3653,"3,270,905",93.3,40,7,10,0,1,1,26,1,0
Middlesex,4920,South River Boro,"502,357","28,828,110",2451,"2,790,011",93.9,404,56,131,0,1,0,52,0,0
Middlesex,4970,Spotswood,"278,481","6,603,982",1671,"1,485,448",94.2,39,7,3,0,0,1,15,0,0
Middlesex,5850,Woodbridge Twp,"4,389,122","103,258,413",13886.5,"16,388,570",92,92.5,50,12,0,1,1,37,1,0
Monmouth,50,Allenhurst,"19,617","39,274",,"11,425",94.4,52,5,15,1,1,,,,
Monmouth,100,Asbury Park City,"478,668","20,702,767",1404.5,"1,858,487",75.6,2,2,1,1,1,1,44,0,1
Monmouth,130,Atlantic Highlands Boro,0,"309,066",245,0,99,87,8,59,0,1,1,11,1,1
Monmouth,180,Avon Boro,"63,965","170,683",116,"74,630",94.4,33,6,25,1,0,0,14,1,0
Monmouth,270,Belmar Boro,"181,768","727,912",398,"395,804",94.4,268,39,80,0,0,1,51,1,0
Monmouth,500,Bradley Beach Boro,"85,575","461,097",196,"189,718",94.4,0,0,0,0,1,1,51,1,0
Monmouth,560,Brielle Boro,"121,930","871,767",478,"747,273",86.1,162,18,40,0,1,1,2,1,1
Monmouth,945,Colts Neck Twp,"652,097","1,835,151",979,"1,076,175",99,42,21,10,0,1,1,4,1,1
Monmouth,1000,Deal Boro,"32,959","2,544,641",152,"185,138",90.6,102,42,111,1,1,0,22,0,0
Monmouth,1260,Eatontown Boro,"259,295","1,742,104",1006,"786,880",90.6,7,7,0,1,0,1,38,0,0
Monmouth,1440,Fair Haven Boro,"46,572","1,099,538",956,"1,095,516",98,673,49,716.5,1,0,1,1,1,1
Monmouth,1456,Henry Hudson Regional,"245,687",0,302,"706,178",94,23,12,62,0,0,1,18,1,0
Monmouth,1490,Farmingdale Boro,"5,923","541,292",171,"142,148",96,131,8,242,1,0,1,23,0,0
Monmouth,1640,Freehold Boro,"407,350","25,405,122",1586,"1,733,963",96.2,415,14,747,0,1,1,70,0,0
Monmouth,1650,Freehold Regional,"1,816,395","30,550,220",9981,"7,030,185",97,100,35,44,0,0,1,14,0,1
Monmouth,1660,Freehold Twp,"709,345","5,277,991",3453,"3,801,658",96,243,0,14.5,1,1,1,12,1,0
Monmouth,2105,Hazlet Twp,"91,986","6,795,610",2662,"1,936,203",96.2,982,504,3713,1,1,1,17,0,0
Monmouth,2120,Henry Hudson Regional,0,"499,068",302,0,100,625,24,844,1,1,1,18,1,0
Monmouth,2160,Highlands Boro,0,"229,270",160,0,46.9,638,8,1375,0,1,1,38,1,1
Monmouth,2230,Holmdel Twp,"1,628,836","4,725,189",2878.5,"3,235,763",99.1,142,4,111,0,1,1,2,1,0
Monmouth,2290,Howell Twp,"903,761","20,601,309",5714,"5,257,622",96,1358,54,4504,0,0,1,20,0,1
Monmouth,2320,Interlaken,"38,044","119,452",,"72,551",94.4,77,8,129,1,1,,,,
Monmouth,2400,Keansburg Boro,"334,763","24,300,776",1525,"1,023,215",82.9,828,9,1389,0,1,1,45,0,1
Monmouth,2430,Keyport Boro,"64,629","4,800,107",971.5,"892,374",91.2,13,1,6,1,1,0,38,0,0
Monmouth,2720,Little Silver Boro,"71,696","875,998",716,"761,058",94.4,4,0,4,0,1,0,1,1,0
Monmouth,2770,Long Branch City,"1,003,772","54,218,602",5319.5,"4,927,953",94.5,3,1,0,0,0,1,75,0,0
Monmouth,2920,Manalapan-Englishtown Reg,"1,968,298","8,154,718",4635,"3,789,745",96,0,0,0,0,0,1,9,0,0
Monmouth,2930,Manasquan Boro,"76,841","873,431",1433,"751,220",96.2,27,0,21,1,0,0,10,1,0
Monmouth,3030,Marlboro Twp,"1,189,069","7,498,856",4483,"3,934,546",97,7,0,14,1,1,1,2,1,1
Monmouth,3040,Matawan-Aberdeen Regional,"954,542","14,246,781",3971,"4,171,667",86.1,4,0,4,0,1,1,22,1,0
Monmouth,3160,Middletown Twp,"3,160,000","13,200,485",8766.5,"7,808,990",94.6,13,2,6,1,1,1,11,1,1
Monmouth,3200,Millstone Twp,"921,823","2,941,663",1165,"1,438,126",94,10,7,7,1,1,1,2,1,0
Monmouth,3250,Monmouth Beach Boro,"30,330","234,592",258,"213,447",94.4,134,12,276,0,1,0,1,1,0
Monmouth,3260,Monmouth Co Vocational,0,"8,120,555",2061,"1,572,980",99.7,2,0,0,0,1,0,1,0,0
Monmouth,3270,Monmouth Regional,"669,909","1,843,991",892,"836,537",92.3,0,1,5,0,0,0,27,1,1
Monmouth,3500,Neptune City,"56,921","716,560",17,"348,450",76,9,0,0,0,1,0,47,0,0
Monmouth,3510,Neptune Twp,"1,589,446","12,775,170",280,"2,404,326",82.3,16,3,8,1,1,0,38,0,0
Monmouth,3810,Ocean Twp,"1,729,784","5,563,580",3322,"2,550,341",94.2,13,1,2,1,1,0,31,0,0
Monmouth,3830,Oceanport Boro,"286,513","811,452",565,"616,603",79.8,66,4,119,0,1,0,6,1,1
Monmouth,4360,Red Bank Boro,"189,188","8,776,601",1220,"1,208,304",93,10.5,0,1,1,1,1,74,0,0
Monmouth,4365,Red Bank Regional,"329,380","1,787,169",1275.5,"1,313,168",94.3,4,0,0,1,1,0,25,1,0
Monmouth,4520,Roosevelt Boro,"63,927","946,764",87,"114,840",94,4,1,0,0,1,1,58,0,1
Monmouth,4570,Rumson Boro,"113,682","1,042,247",919,"972,180",98,15,0,14,1,1,1,1,1,0
Monmouth,4580,Rumson-Fair Haven Reg,"274,521","1,275,361",848,"946,260",97,4,0,0,0,1,1,0,1,1
Monmouth,4690,Sea Girt Boro,"13,842","149,542",138,"132,485",94.4,20.5,2,5,1,0,1,2,1,1
Monmouth,4760,Shore Regional,"297,234","891,348",547.5,"582,967",96,32,0,29,1,0,1,8,1,1
Monmouth,4770,Shrewsbury Boro,"14,089","525,747",453,"510,892",82.2,48.5,5,53,0,1,1,1,1,0
Monmouth,4840,Lake Como,"78,805","239,631",,"94,929",87.2,1,0,1,0,1,,,,
Monmouth,4980,Spring Lake Boro,"69,313","276,636",141,"175,850",80.9,3,0,9,1,0,1,2,1,0
Monmouth,4990,Spring Lake Heights Boro,"75,916","534,142",262,"438,845",94.4,55,8,26.5,0,1,1,6,1,1
Monmouth,5185,Tinton Falls,"982,013","2,532,454",1364,"1,205,921",94.4,512.5,28.5,939.5,0,1,0,15,1,1
Monmouth,5230,Union Beach,"38,322","5,725,773",606,"829,691",56.3,344.5,39,270,1,1,0,28,0,0
Monmouth,5310,Upper Freehold Regional,"431,910","4,087,342",2018.5,"997,218",95.6,1105,128,855.5,0,1,1,6,1,1
Monmouth,5420,Wall Twp,"1,879,121","5,302,925",3139.5,"3,569,496",97.2,34,1,38.5,0,1,1,10,1,0
Monmouth,5640,West Long Branch Boro,"337,125","744,380",567,"551,386",90.6,282.5,21,186,0,1,1,14,1,0
Monmouth,5645,Loch Arbour,"9,789","22,137",,"11,733",96,6,4,9,1,1,,,,
Morris,450,Boonton Town,"114,513","3,888,199",1520.5,"1,350,406",93,8,15,6,1,0,1,31,1,0
Morris,460,Boonton Twp,"202,852","873,055",407,"682,623",92,84,3.5,222,0,0,1,2,1,1
Morris,630,Butler Boro,"215,738","3,379,908",1161,"1,011,654",96.5,44.5,3,21,1,1,1,24,1,1
Morris,785,Sch Dist Of The Chathams,"921,324","4,780,762",3518.5,"3,910,241",97.4,282.5,276,5301,0,0,1,1,1,1
Morris,820,Chester Twp,"630,294","1,666,101",1024,"1,150,071",57.1,107.5,2,345,1,0,1,4,1,0
Morris,1090,Denville Twp,"1,221,546","2,916,066",1690,"2,003,349",90,476.5,7,726,0,0,1,3,1,1
Morris,1110,Dover Town,"882,802","56,526,760",3484.5,"3,769,265",79.3,7,0,22,1,0,1,55,0,1
Morris,1190,East Hanover Twp,"495,285","1,355,808",994,"1,179,750",95.1,100,1,218,0,0,1,2,1,0
Morris,1530,Florham Park Boro,"256,714","1,272,647",939,"1,083,293",83.8,497,43,308,`,0,1,1,1,0
Morris,1990,Hanover Park Regional,"779,456","2,276,263",1275,"1,483,962",97.9,834,127,1008,0,0,1,3,1,0
Morris,2000,Hanover Twp,"239,688","1,719,210",1226,"1,439,444",82.2,28,6,31,1,1,1,6,1,0
Morris,2010,Harding Township,"319,770","716,619",298,"416,843",84.2,110,30,158,0,1,0,3,1,0
Morris,2380,Jefferson Twp,"636,026","5,105,647",2641,"2,137,733",93.4,87,1,183,0,1,1,12,0,0
Morris,2460,Kinnelon Boro,"1,000,531","2,767,647",1645.5,"1,899,472",99.3,31,2,63,0,1,1,3,1,1
Morris,2650,Lincoln Park Boro,"663,485","2,009,872",888,"1,446,863",81.1,222,12.5,175,0,0,1,16,1,0
Morris,2870,Madison Boro,"442,095","3,082,108",2464,"2,782,430",95.3,219,0.5,11,0,1,,,,
Morris,3090,Mendham Boro,"47,259","570,877",488,"545,658",98,39,1,45,0,1,1,2,1,0
Morris,3100,Mendham Twp,"483,349","1,268,851",788,"912,637",98,153.5,8,185,1,1,0,1,1,1
Morris,3240,Mine Hill Twp,"171,868","3,682,378",367,"571,326",42.3,420,253,3626,0,1,0,26,0,0
Morris,3340,Montville Twp,"1,257,119","5,136,781",3413,"4,006,699",96.1,561,28,451,0,1,1,2,1,0
Morris,3365,Morris County Vocational,0,"1,816,157",1521,"1,339,057",100,439,4,214,0,1,0,4,0,1
Morris,3370,Morris Hills Regional,"554,744","12,103,090",2589.5,"3,061,117",93.4,887,60,3608,0,1,1,18,1,1
Morris,3380,Morris Plains Boro,"210,587","1,369,763",600,"1,023,934",96.2,773,40,595,1,1,0,7,1,0
Morris,3385,Morris School District,"2,091,300","9,133,936",5620,"5,913,590",84.5,549.5,18,328,0,1,0,7,1,0
Morris,3410,Mount Arlington Boro,"267,090","868,905",350,"608,425",95.1,125,7,72,0,1,1,17,1,1
Morris,3450,Mount Olive Twp,"3,710,681","34,706,288",4812,"5,631,638",97.3,275,30,337,0,0,1,17,1,1
Morris,3460,Mountain Lakes Boro,"78,377","1,302,638",1321,"1,179,750",100,288,21,174,1,1,1,2,1,1
Morris,3520,Netcong Boro,"28,637","2,447,355",280,"319,052",95,194,18,520,0,1,1,42,0,0
Morris,3950,Parsippany-Troy Hills Twp,"2,648,388","10,592,617",7149.5,"8,376,968",95.6,69,3,58,0,1,1,14,1,1
Morris,4000,Long Hill Twp,"330,906","1,258,184",854,"994,255",57.1,1284.5,75,1010,0,1,1,6,1,1
Morris,4080,Pequannock Twp,"124,035","2,598,121",2082,"2,093,930",97.2,0,40.5,297,1,1,1,5,1,1
Morris,4330,Randolph Twp,"1,249,097","6,957,114",4249.5,"3,647,597",99.1,6,0,18,0,1,1,9,1,0
Morris,4440,Riverdale Boro,"128,697","599,980",287,"474,868",95.1,5,0,2,0,1,0,11,1,0
Morris,4480,Rockaway Boro,"60,781","2,067,164",554,"513,091",74.1,1,0,0,0,1,1,21,1,0
Morris,4490,Rockaway Twp,"549,225","4,031,485",2420,"2,849,208",79,47,6,68,0,0,1,13,1,1
Morris,4560,Roxbury Twp,"558,875","8,735,207",3325.5,"2,433,575",92.8,21,0,59,0,1,1,15,1,0
Morris,5520,Washington Twp,"457,507","3,685,673",2007,"1,649,037",93,3,1,7,0,1,1,18,0,0
Morris,5660,West Morris Regional,"1,396,979","3,814,662",2048.5,"2,262,268",95.5,7,0,14,0,1,1,1,1,1
Morris,5770,Wharton Boro,"63,433","7,793,683",758,"831,019",90.6,8,0,0,1,1,1,49,0,0
Ocean,185,Barnegat Twp,"688,832","25,694,371",3601.5,"3,647,121",88.2,85,7,78,1,1,1,33,0,0
Ocean,210,Bay Head Boro,"9,449","81,693",120,"57,670",98,0,0,1,0,1,1,2,1,1
Ocean,230,Beach Haven Boro,"1,803","342,149",63,"53,987",90.6,5,0,2,1,1,1,4,1,1
Ocean,320,Berkeley Twp,"912,934","3,498,416",2394,"2,306,860",69.7,193,5,381,0,1,1,29,0,1
Ocean,530,Brick Twp,"4,922,064","14,632,033",8099.5,"5,784,673",94.1,252.5,27,229.5,0,1,1,34,0,0
Ocean,770,Central Regional,"1,442,092","5,661,413",2197.5,"2,476,170",89.8,77,6,49,0,1,1,36,1,1
Ocean,1150,Eagleswood Twp,"59,476","562,892",150,"91,218",66.5,136,5,28,0,1,0,17,0,0
Ocean,2350,Island Heights Boro,"11,068","358,554",135,"116,898",93.2,8,1,8,1,0,1,2,1,0
Ocean,2360,Jackson Twp,"601,355","27,861,779",7482.5,"5,211,500",94.1,9,0,11,1,1,1,28,0,0
Ocean,2480,Lacey Twp,"228,519","10,470,890",3715.5,"2,504,516",91.8,9,0,41,1,0,1,25,0,0
Ocean,2500,Lakehurst Boro,"80,050","6,864,309",404,"514,987",93.2,265,27,305,0,1,1,54,0,0
Ocean,2520,Lakewood Twp,"4,471,500","26,575,697",4201.5,"5,347,332",82.7,14,31.5,55,1,1,1,83,0,0
Ocean,2550,Lavallette Boro,"56,079","166,096",160,"97,166",93.2,85.5,1,120.5,0,1,0,11,1,0
Ocean,2690,Little Egg Harbor Twp,"1,038,502","8,834,762",1676,"994,903",92,1,0,0,0,0,1,47,0,0
Ocean,2760,Long Beach Island,"69,509","838,484",189,"156,618",93.2,580,413.5,1472,1,0,1,11,1,0
Ocean,2940,Manchester Twp,"1,989,096","5,372,064",2898.5,"2,640,657",95.5,127,3,110,1,1,1,40,1,0
Ocean,3790,Ocean County Vocational,0,"5,585,095",1426.5,"846,211",97.9,23,3,22.5,1,1,0,8,0,0
Ocean,3800,Ocean Gate Boro,"4,607","382,276",133,"85,038",93.2,82,0,151,0,0,1,54,0,0
Ocean,3820,Ocean Twp,"443,920","1,748,949",581,"541,176",99,201,20,144,0,0,0,31,0,0
Ocean,4105,Pinelands Regional,"898,788","11,943,782",1534.5,"1,151,991",90.3,205.5,21.5,49,0,0,1,40,0,0
Ocean,4190,Plumsted Twp,0,"4,889,715",1122,"975,623",85.7,7,0,7,1,1,1,15,0,0
Ocean,4210,Point Pleasant Boro,"41,071","3,567,363",629.5,"1,776,466",96.7,0,0,0,0,0,1,10,0,1
Ocean,4220,Point Pleasant Beach,"71,924","610,581",2615.5,"441,868",100,47,7,14.5,1,0,1,14,1,1
Ocean,4710,Seaside Heights Boro,"11,203","441,817",177,"153,976",80.4,46.5,12,48,0,1,0,77,0,1
Ocean,4720,Seaside Park Boro,"30,123","65,153",2671,"12,234",93.2,2,1,0,0,1,,,,
Ocean,4950,Southern Regional,"1,367,568","3,935,969",2586,"2,560,826",89.7,16,2,38,0,1,1,19,1,1
Ocean,5020,Stafford Twp,"507,193","5,300,798",14289.5,"1,288,981",66.1,358,82.5,254.5,1,0,0,18,0,0
Ocean,5190,Toms River Regional,"5,458,073","30,978,802",303,"9,865,327",89.5,8,0,8,1,1,1,31,0,0
Ocean,5220,Tuckerton Boro,"35,403","2,089,930",641,"207,010",93.2,139,2,521,0,1,0,51,0,1
Passaic,420,Bloomingdale Boro,"102,123","1,239,062",10904,"634,876",85.2,80,2.5,83,1,1,0,18,1,1
Passaic,900,Clifton City,"3,020,309","90,456,020",1005,"12,828,969",84.3,2,0,0,1,0,1,64,1,0
Passaic,1920,Haledon Boro,"86,264","13,637,130",2177,"1,088,912",82,2,0,0,0,0,1,65,0,0
Passaic,2100,Hawthorne Boro,"581,539","4,778,522",840,"2,015,353",91.1,1,0,1,0,0,1,32,0,1
Passaic,2510,Lakeland Regional,"106,500","1,746,442",932,"687,768",96.6,0,0,0,0,1,1,7,1,0
Passaic,2700,Little Falls Twp,"231,620","1,233,022",615,"1,038,433",93.4,16.5,1,8.5,0,1,1,17,1,0
Passaic,3640,North Haledon Boro,"85,420","722,334",75,"699,500",80.4,0,0,0,1,0,1,12,1,0
Passaic,3970,Passaic City,"1,978,076","272,108,020",12084,"12,147,460",75.2,0,1,0,1,0,1,95,0,1
Passaic,3980,Passaic Co Manchester Reg,"281,548","14,214,522",819,"973,531",82.7,5,0,0,0,0,1,67,0,1
Passaic,3990,Passaic Valley Regional,"729,435","2,153,850",4545,"1,063,236",93.2,39,12,34,1,1,1,31,1,1
Passaic,3995,Passaic County Vocational,0,"66,796,098",1060,"5,401,292",99.2,204.5,26,229.5,1,0,0,53,1,1
Passaic,4010,Paterson City,"7,171,740","529,272,462",24090,"32,090,452",82.2,48,2,7,0,0,1,61,0,0
Passaic,4230,Pompton Lakes Boro,"176,038","10,026,664",1714,"1,546,235",96.5,29.5,0,23,1,0,1,20,1,1
Passaic,4270,Prospect Park Boro,"64,723","11,341,345",814,"928,712",70.7,71,14,63,0,1,1,56,0,1
Passaic,4400,Ringwood Boro,"573,133","1,733,616",1022,"1,077,662",42.3,14,1,41,1,1,1,8,1,0
Passaic,5200,Totowa Boro,"150,414","1,110,677",916,"980,742",81.4,72.5,7,117,1,1,0,19,1,0
Passaic,5440,Wanaque Boro,"11,642","1,327,463",883,"633,966",87.4,0,0,0,0,0,1,21,1,1
Passaic,5570,Wayne Twp,"2,774,127","10,517,516",7654,"8,740,141",96.9,70,8,71,0,0,1,8,1,0
Passaic,5650,West Milford Twp,"842,009","5,571,517",2950,"2,725,234",95.5,13,1,30,1,1,1,17,1,1
Passaic,5690,Woodland Park,"249,320","2,747,157",1276,"1,283,618",32.5,0,6,35,1,1,1,41,1,0
Salem,60,Alloway Twp,"218,309","2,505,810",289,"370,315",37,466.5,50,1100.5,0,1,0,11,0,0
Salem,1350,Elsinboro Twp,"64,294","1,553,523",112,"90,502",94,0,1,17,0,1,0,56,0,0
Salem,2800,Lower Alloways Creek,"135,665","327,920",173,"140,313",91.9,0,0,0,1,0,1,16,1,0
Salem,2950,Mannington Twp,"117,432","243,637",161,"121,032",84,4,0,14,0,1,1,19,1,0
Salem,3860,Oldmans Twp,"136,526","2,626,960",286,"307,805",90.2,8.5,3,33,1,1,1,20,0,0
Salem,4070,Penns Grv-Carneys Pt Reg,"901,086","35,760,709",2201,"2,418,911",94.2,0,14,32,0,0,1,66,0,1
Salem,4075,Pennsville,"748,449","16,771,399",1814.5,"1,916,740",89.1,0,0,0,0,1,1,37,0,0
Salem,4150,Pittsgrove Twp,"838,537","18,069,458",1649,"1,408,523",90.9,64,4,59,1,1,1,29,0,0
Salem,4280,Quinton Twp,"209,903","3,329,109",281,"291,684",90.2,6,0,0,1,1,1,19,0,0
Salem,4630,Salem City,"281,682","20,836,774",1234,"723,650",91.9,28,0,38,0,1,0,68,0,1
Salem,4640,Salem County Vocational,0,"9,917,251",180,"820,449",98.3,9,0,35,0,1,0,25,0,0
Salem,5320,Upper Pittsgrove Twp,"271,073","2,623,580",341,"393,435",62,17,1,83,0,0,0,13,0,0
Salem,5910,Woodstown-Pilesgrove Reg,"376,448","8,675,911",1471,"1,010,872",91.5,0,2,12,1,1,0,17,0,0
Somerset,240,Bedminster Twp,"377,070","1,168,729",428,"792,551",94,0,0,0,1,0,1,11,1,0
Somerset,350,Bernards Twp,"2,359,395","7,379,157",4730,"5,449,732",94,40,3,29,0,0,1,2,1,0
Somerset,490,Bound Brook Boro,"155,401","30,312,611",1973.5,"2,241,787",88.9,24,2,99,1,1,1,68,0,0
Somerset,510,Branchburg Twp,"1,230,918","3,352,821",1369,"2,302,172",84.3,24.5,0,6,0,1,0,4,1,0
Somerset,555,Bridgewater-Raritan Reg,"2,578,842","13,554,948",7876,"9,163,399",93.8,131.5,8,90,0,1,1,11,1,1
Somerset,1610,Franklin Twp,"3,372,682","21,506,144",7228.5,"9,217,005",88,16,2,28,1,1,1,10,1,1
Somerset,1810,Green Brook Twp,"543,148","1,803,374",725,"1,275,630",85,382.5,31,1173.5,1,1,0,12,1,0
Somerset,2170,Hillsborough Twp,"968,117","20,642,528",7196,"4,540,393",95.3,7,5,25,1,1,1,10,1,1
Somerset,3000,Manville Boro,"109,380","21,022,232",1766.5,"2,045,536",90.8,288.5,25,189,0,0,1,52,0,0
Somerset,3320,Montgomery Twp,"2,736,343","7,843,652",4484,"5,336,510",96.8,1,0,16,0,0,1,5,1,0
Somerset,3670,North Plainfield Boro,"497,230","58,649,072",3647,"4,400,545",87.8,30,2,21,1,1,1,64,0,0
Somerset,4810,Somerset Co Vocational,0,"1,428,562",526.5,"430,108",98.8,270.5,26,523,0,1,0,12,1,1
Somerset,4815,Somerset Hills Regional,"589,395","2,298,892",1670,"1,660,583",86.4,30,0,21,1,1,1,14,1,1
Somerset,4820,Somerville Boro,"204,865","9,630,266",2107,"1,698,214",90.6,124,5,138,1,0,1,27,1,0
Somerset,4850,South Bound Brook,"64,547","6,272,025",434,"668,989",55.5,6,0,15,0,1,0,47,0,1
Somerset,5470,Warren Twp,"1,120,126","3,022,886",1669,"1,876,312",81.1,25,3,41,0,1,1,3,1,1
Somerset,5540,Watchung Boro,"451,320","1,116,702",674,"807,647",95,68,0,60,1,1,1,1,0,1
Somerset,5550,Watchung Hills Regional,"896,644","2,439,898",1684,"1,547,361",97.8,192,9,94.5,0,1,1,3,1,1
Sussex,90,Andover Reg,"542,672","1,295,939",448,"561,343",78,13,1,44,1,1,1,16,1,1
Sussex,640,Byram Twp,"232,137","2,418,834",826,"667,509",39,20,1,55,0,-,1,5,0,0
Sussex,1560,Frankford Twp,"253,966","901,351",502,"453,410",57,0,4,14.5,0,1,1,9,1,1
Sussex,1570,Franklin Boro,"49,243","3,442,968",502,"481,245",91.4,117,8,178,1,0,0,37,0,0
Sussex,1630,Fredon Twp,"33,235","292,167",186,"196,640",77.2,270.5,45,87,0,1,1,3,1,0
Sussex,1800,Green Twp,"403,787","1,839,659",398,"424,190",95.4,0,0,0,0,1,1,6,1,1
Sussex,1930,Hamburg Boro,"44,903","1,347,843",235,"197,985",66,0,0,0,0,1,0,17,0,0
Sussex,1980,Hampton Twp,"187,758","576,734",314,"359,838",71.3,151,43,41,1,1,1,12,1,0
Sussex,2030,Hardyston Twp,"452,207","1,238,744",577,"575,155",87,617,65,485.5,1,1,1,11,1,1
Sussex,2165,High Point Regional,"748,822","3,484,260",794,"738,367",93.2,150.5,35,27,0,1,0,15,0,1
Sussex,2240,Hopatcong,"668,951","2,716,165",1558,"1,472,464",90.6,5,2,1,1,1,1,27,0,1
Sussex,2465,Kittatinny Regional,"630,048","2,029,038",745,"691,576",94.9,0,4,1,0,1,0,9,0,1
Sussex,2490,Lafayette Twp,"107,714","803,469",216,"176,574",73.4,492.5,11,657,0,1,1,10,1,0
Sussex,2615,Lenape Valley Regional,"376,894","5,319,005",668,"784,447",88.7,252,13.5,53.5,0,1,0,11,0,0
Sussex,3300,Montague Twp,"326,614","2,135,063",308,"342,492",95.4,49,0,28,1,1,0,32,0,1
Sussex,3590,Newton Town,"229,942","13,032,241",1593.5,"1,360,187",90.3,303,50.5,1719.5,1,1,1,24,0,0
Sussex,3840,Ogdensburg Boro,"20,559","1,982,573",268,"280,674",82,1,3,0,1,1,0,20,0,0
Sussex,4650,Sandyston-Walpack Twp,"108,012","440,917",128,"158,329",95.4,193,10,27,0,1,0,11,0,0
Sussex,4960,Sparta Twp,"1,128,376","5,763,479",3290,"3,360,811",97.6,1,2,0,0,1,1,4,1,1
Sussex,5030,Stanhope Boro,"22,257","1,113,251",317,"345,444",82,261.5,23.5,193,1,1,1,15,0,0
Sussex,5040,Stillwater Twp,"151,123","514,629",287,"236,765",95.4,75,6.5,28,1,0,0,10,0,1
Sussex,5100,Sussex-Wantage Regional,"824,237","5,777,626",720,"1,273,826",39,7,3,0,1,0,1,26,0,1
Sussex,5110,Sussex County Vocational,0,"4,197,167",1075,"461,389",97.4,27,20,12,0,1,1,19,1,0
Sussex,5360,Vernon Twp,"2,202,151","16,510,446",2906.5,"3,336,134",92.6,174,10,17,1,1,1,16,0,1
Sussex,5435,Wallkill Valley Regional,"508,608","3,277,529",615.5,"571,584",91,45.5,0,17,0,1,1,14,0,1
Union,310,Berkeley Heights Twp,"470,303","3,027,816",2418.5,"2,377,140",95.1,22,3,26.5,0,1,1,2,1,1
Union,850,Clark Twp,"256,592","2,803,295",2257.5,"2,545,746",97.3,42,20,18,1,0,1,3,1,0
Union,980,Cranford Twp,"363,329","4,556,373",3738,"4,275,072",96.6,5,30,17,1,1,1,2,1,0
Union,1320,Elizabeth City,"5,677,331","532,961,132",27918.5,"30,504,417",87.9,127.5,9,34,0,1,1,77,0,1
Union,1710,Garwood Boro,"88,326","701,643",350,"578,916",83.3,153,2,116,0,1,1,17,1,0
Union,2190,Hillside Twp,"539,453","34,967,331",2973.5,"3,443,808",85.3,890,125,770,1,1,1,59,0,0
Union,2420,Kenilworth Boro,"173,781","7,785,322",1421.5,"1,218,446",95.2,36,1,5,1,11,1,14,1,1
Union,2660,Linden City,"1,811,345","54,284,533",6347.5,"7,110,275",91.7,43,1,12,0,1,1,56,1,0
Union,3470,Mountainside Boro,"380,713","1,484,594",748,"1,165,254",83.7,1169,28,979,1,1,1,2,1,0
Union,3560,New Providence Boro,"292,206","2,895,412",2312.5,"2,716,452",94.9,109,8,94,0,1,1,2,1,0
Union,4160,Plainfield City,"2,624,902","246,081,549",10178,"13,960,780",67.2,155,21,97,1,1,1,67,0,1
Union,4290,Rahway City,"1,115,594","37,678,120",4177.5,"4,727,813",80.8,2,5,10,1,1,1,49,0,1
Union,4540,Roselle Boro,"617,142","40,554,813",3030,"3,629,358",85.8,33,5,33,1,1,1,53,0,0
Union,4550,Roselle Park Boro,"155,295","19,249,850",2002.5,"2,263,710",91.2,18,0,26,1,1,1,40,0,1
Union,4670,Scotch Plains-Fanwood Reg,"1,293,546","7,401,870",5650.5,"6,664,955",94.9,0,0,7,1,1,0,3,1,0
Union,5000,Springfield Twp,"666,484","3,653,186",2184.5,"2,516,058",93,0,192,4141,0,0,1,13,0,0
Union,5090,Summit City,"203,264","4,735,491",3978.5,"4,675,859",96.4,90,1,127,0,1,1,13,1,0
Union,5260,Union County Vocational,0,"17,505,113",1959.5,"2,300,820",99.7,381,4,31,0,1,0,10,0,1
Union,5290,Union Twp,"2,390,877","45,949,949",7773,"8,958,353",92.3,83,1,48,0,1,1,2,1,0
Union,5730,Westfield Town,"1,040,809","7,549,099",5864.5,"6,791,129",96.5,730,400,6556,1,1,1,2,1,1
Union,5810,Winfield Twp,"60,297","1,668,813",146,"163,663",86.8,69,3,63,1,1,0,20,0,1
Warren,30,Allamuchy Twp,"504,412","1,063,035",441,"619,652",97,35,0,40,0,0,1,6,1,0
Warren,70,Alpha Boro,"94,939","2,121,801",198,"323,909",92,12,12,10,0,1,1,23,0,0
Warren,280,Belvidere Town,"14,798","2,531,769",577,"352,075",92.1,42,0,15,0,1,0,22,0,0
Warren,400,Blairstown Twp,"83,167","894,109",425,"372,859",93.6,49,7,47,0,1,1,14,0,0
Warren,1620,Franklin Twp,"16,087","299,222",215,"166,613",89,168,27,231,0,1,0,45,1,0
Warren,1670,Frelinghuysen Twp,"81,177","207,950",119,"114,922",70.3,141,16,39,1,1,1,10,0,0
Warren,1785,Great Meadows Regional,"147,093","1,888,956",650,"763,471",66.6,80,6,68,0,1,0,13,0,0
Warren,1840,Greenwich Twp,"134,082","5,334,405",629,"758,147",90.6,3,0,0,0,1,1,33,1,1
Warren,1870,Hackettstown,"230,529","16,126,229",2011,"1,809,664",91.3,2,0,0,1,1,1,29,1,0
Warren,2040,Harmony Twp,"146,873","392,530",184,"242,991",93,7,0,0,0,1,0,12,1,0
Warren,2250,Hope Twp,"63,460","348,566",135,"167,533",72.9,17,1,0,0,1,0,11,1,0
Warren,2470,Knowlton Twp,"90,234","337,872",180,"145,196",58.9,178,128.5,215,1,1,1,12,0,0
Warren,2790,Lopatcong Twp,"199,645","4,303,009",722,"1,204,096",42.3,136,7,61.5,0,1,1,12,1,1
Warren,2970,Mansfield Twp,"460,086","3,617,731",580,"647,818",81.9,89.5,19,24,0,1,1,34,0,1
Warren,3675,North Warren Regional,"24,106","1,240,718",619,"607,635",94.2,12,4,2,0,1,1,7,0,1
Warren,3890,Oxford Twp,"157,585","2,390,730",263,"271,037",53.9,25,18,15,1,1,1,14,0,0
Warren,4100,Phillipsburg Town,"611,311","47,201,096",3960.5,"1,395,514",89.1,1,0,9,1,1,1,52,0,1
Warren,4200,Pohatcong Twp,"212,402","2,612,592",312,"492,905",68.7,32.5,3.5,0.5,0,1,1,23,1,0
Warren,5460,Warren County Vocational,"212,027","3,433,758",406,"436,573",100,10,0,0,1,1,1,15,0,0
Warren,5465,Warren Hills Regional,"380,381","9,385,897",1546,"1,041,953",85.7,7,0,0,0,1,1,18,0,1
Warren,5480,Washington Boro,"29,750","4,477,311",572,"570,361",90.6,72,11,7,1,1,1,38,0,0
Warren,5530,Washington Twp,"258,367","803,768",407,"351,820",93,9,0,18,0,0,1,4,1,1
Warren,5780,White Twp,"249,609","622,794",261,"274,851",93.8,24.5,2,130,1,0,0,15,1,0
,,,,,,,,,,,0,1,,,,
,,,,,,,,,,,`,,,,,